Campaign,Ad group,Keyword,Match type,Final URL
Calls - Ofek Lock - Search,פריצת דלתות,פריצת דלתות,Phrase,https://ofek-lock.com
Calls - Ofek Lock - Search,פריצת דלתות,פריצת דלת,Exact,https://ofek-lock.com
Calls - Ofek Lock - Search,פריצת דלתות,פריצת דלתות חירום,Phrase,https://ofek-lock.com
Calls - Ofek Lock - Search,פריצת דלתות,מנעולן פריצת דלתות,Phrase,https://ofek-lock.com
Calls - Ofek Lock - Search,פריצת דלתות,פתיחת דלת נעולה,Phrase,https://ofek-lock.com
Calls - Ofek Lock - Search,פריצת דלתות,מנעולן 24/7,Phrase,https://ofek-lock.com
Calls - Ofek Lock - Search,פריצת דלתות,מנעולן חיפה,Phrase,https://ofek-lock.com
Calls - Ofek Lock - Search,פריצת דלתות,פריצת דלת חירום חיפה,Exact,https://ofek-lock.com
Calls - Ofek Lock - Search,פריצת דלתות,מנעולן זמין עכשיו,Phrase,https://ofek-lock.com
Calls - Ofek Lock - Search,החלפת מנעולים,החלפת מנעול,Phrase,https://ofek-lock.com
Calls - Ofek Lock - Search,החלפת מנעולים,החלפת צילינדר,Phrase,https://ofek-lock.com
Calls - Ofek Lock - Search,החלפת מנעולים,החלפת מנעול דירה,Exact,https://ofek-lock.com
Calls - Ofek Lock - Search,החלפת מנעולים,מנעולן להחלפת מנעולים,Phrase,https://ofek-lock.com
Calls - Ofek Lock - Search,החלפת מנעולים,החלפת מנעול חירום,Phrase,https://ofek-lock.com
Calls - Ofek Lock - Search,אזורי שירות,מנעולן בקריות,Phrase,https://ofek-lock.com
Calls - Ofek Lock - Search,אזורי שירות,מנעולן טירת כרמל,Phrase,https://ofek-lock.com
Calls - Ofek Lock - Search,אזורי שירות,מנעולן נשר,Phrase,https://ofek-lock.com
Calls - Ofek Lock - Search,אזורי שירות,מנעולן עתלית,Phrase,https://ofek-lock.com
Calls - Ofek Lock - Search,אזורי שירות,מנעולן באזור שלי,Phrase,https://ofek-lock.com
Calls - Ofek Lock - Search,שירותים נוספים,תיקון מנעול,Phrase,https://ofek-lock.com
Calls - Ofek Lock - Search,שירותים נוספים,תיקון צילינדר,Phrase,https://ofek-lock.com
Calls - Ofek Lock - Search,שירותים נוספים,התקנת מנעול חכם,Phrase,https://ofek-lock.com
Calls - Ofek Lock - Search,שירותים נוספים,שכפול מפתח,Phrase,https://ofek-lock.com
Calls - Ofek Lock - Search,שיחה עכשיו,מנעולן עכשיו,Exact,https://ofek-lock.com
Calls - Ofek Lock - Search,שיחה עכשיו,מנעולן זמין עכשיו,Exact,https://ofek-lock.com
Calls - Ofek Lock - Search,שיחה עכשיו,שירות מנעולן דחוף,Phrase,https://ofek-lock.com
Calls - Ofek Lock - Search,שיחה עכשיו,הגעה מהירה מנעולן,Phrase,https://ofek-lock.com
Calls - Ofek Lock - Search,פריצת דלתות,פתיחת דלת כניסה,Phrase,https://ofek-lock.com
Calls - Ofek Lock - Search,פריצת דלתות,הגעה מהירה מנעולן חיפה,Phrase,https://ofek-lock.com
Calls - Ofek Lock - Search,פריצת דלתות,הוצאת מפתח תקוע,Phrase,https://ofek-lock.com
Calls - Ofek Lock - Search,החלפת מנעולים,החלפת צילינדר חיפה,Phrase,https://ofek-lock.com
Calls - Ofek Lock - Search,אזורי שירות,מנעולן מומלץ חיפה,Phrase,https://ofek-lock.com
Calls - Ofek Lock - Search,אזורי שירות,שירות פריצת דלתות חיפה,Phrase,https://ofek-lock.com
Calls - Ofek Lock - Search,שירותים נוספים,מנעולן לבית,Phrase,https://ofek-lock.com
Calls - Ofek Lock - Search,שירותים נוספים,מנעולן לעסקים,Phrase,https://ofek-lock.com
Calls - Ofek Lock - Search,שירותים נוספים,שכפול מפתח חירום,Phrase,https://ofek-lock.com
Calls - Ofek Lock - Search,שיחה עכשיו,מענה תוך 30 דקות מנעולן,Phrase,https://ofek-lock.com
Calls - Ofek Lock - Search,שיחה עכשיו,מנעולן זמין קריות,Phrase,https://ofek-lock.com
Calls - Ofek Lock - Search,שלילה,חינם,Negative,https://ofek-lock.com
Calls - Ofek Lock - Search,שלילה,איך לפרוץ,Negative,https://ofek-lock.com
Calls - Ofek Lock - Search,שלילה,קורס מנעולן,Negative,https://ofek-lock.com
Calls - Ofek Lock - Search,שלילה,דרושים מנעולן,Negative,https://ofek-lock.com
Calls - Ofek Lock - Search,שלילה,DIY מדריך,Negative,https://ofek-lock.com
Calls - Ofek Lock - Search,שלילה,מחירון מנעולן,Negative,https://ofek-lock.com
